-- ============================================================
-- ANJEM Admin — Seed Data (DATA NYATA)
-- Generated by scripts/generate-seed.mjs — jangan edit manual
-- Run SETELAH schema.sql di Supabase SQL Editor
-- ============================================================

-- Hapus data lama (jika pernah pakai seed demo)
TRUNCATE transfers, expenses, izin_records, memberships, drivers CASCADE;

-- ---- DRIVERS (38 driver) ----
INSERT INTO drivers (id, nama, no_whatsapp, jenis_driver, status_operasional, catatan, tanggal_bergabung) VALUES
  ('a0000001-0000-4000-8000-000000000001', 'Ilul', '081200000001', 'ANJEM', 'Aktif', 'Bayar 03 Jun 2026', '2026-04-02'),
  ('a0000002-0000-4000-8000-000000000002', 'Hadi', '081200000002', 'ANJEM', 'Aktif', 'Bayar 27 Mei 2026', '2026-03-05'),
  ('a0000003-0000-4000-8000-000000000003', 'Syakira', '081200000003', 'ANJEM', 'Aktif', 'Bayar 23 Mei 2026', '2026-01-02'),
  ('a0000004-0000-4000-8000-000000000004', 'Rhayzan', '081200000004', 'ANJEM', 'Aktif', 'Bayar 19 Mei 2026', '2026-02-10'),
  ('a0000005-0000-4000-8000-000000000005', 'Fajar', '081200000005', 'ANJEM', 'Aktif', 'Bayar 19 Mei 2026', '2025-12-10'),
  ('a0000006-0000-4000-8000-000000000006', 'Raka', '081200000006', 'ANJEM', 'Aktif', 'Bayar 18 Mei 2026', '2025-11-24'),
  ('a0000007-0000-4000-8000-000000000007', 'Agista', '081200000007', 'ANJEM', 'Aktif', 'Bayar 18 Mei 2026', '2026-04-06'),
  ('a0000008-0000-4000-8000-000000000008', 'Adit', '081200000008', 'ANJEM', 'Aktif', 'Bayar 18 Mei 2026', '2026-04-06'),
  ('a0000009-0000-4000-8000-000000000009', 'Zahy', '081200000009', 'ANJEM', 'Menunggu Konfirmasi', 'Terakhir bayar 14 Mei', '2026-01-01'),
  ('a0000010-0000-4000-8000-000000000010', 'Hendra', '081200000010', 'ANJEM', 'Menunggu Konfirmasi', 'Terakhir bayar 14 Mei', '2025-11-24'),
  ('a0000011-0000-4000-8000-000000000011', 'Giandra', '081200000011', 'ANJEM', 'Menunggu Konfirmasi', 'Terakhir bayar 15 Mei', '2026-04-03'),
  ('a0000012-0000-4000-8000-000000000012', 'Mindo', '081200000012', 'ANJEM', 'Menunggu Konfirmasi', 'Terakhir bayar 01 Mei', '2026-02-18'),
  ('a0000013-0000-4000-8000-000000000013', 'Fiqry', '081200000013', 'ANJEM', 'Menunggu Konfirmasi', 'Terakhir bayar 13 Mei', '2026-02-25'),
  ('a0000014-0000-4000-8000-000000000014', 'Rizal', '081200000014', 'ANJEM', 'Menunggu Konfirmasi', 'Terakhir bayar 12 Mei', '2025-12-06'),
  ('a0000015-0000-4000-8000-000000000015', 'Faris', '081200000015', 'ANJEM', 'Menunggu Konfirmasi', 'Terakhir bayar 08 Mei', '2026-02-12'),
  ('a0000016-0000-4000-8000-000000000016', 'Teplok', '081200000016', 'ANJEM', 'Menunggu Konfirmasi', 'Terakhir bayar 11 Mei', '2026-04-13'),
  ('a0000017-0000-4000-8000-000000000017', 'Inoora', '081200000017', 'ANJEM', 'Menunggu Konfirmasi', 'Bayar 21 Mei partial', '2026-04-06'),
  ('a0000018-0000-4000-8000-000000000018', 'Abip', '081200000018', 'ANJEM', 'Menunggu Konfirmasi', 'Bayar 21 Mei partial', '2025-11-24'),
  ('a0000019-0000-4000-8000-000000000019', 'Yudha', '081200000019', 'ANJEM', 'Off Sementara', 'Off sejak 15 Mei', '2026-02-20'),
  ('a0000020-0000-4000-8000-000000000020', 'Winner', '081200000020', 'ANJEM', 'Off Sementara', 'Off sejak 19 Mei', '2026-02-11'),
  ('a0000021-0000-4000-8000-000000000021', 'Aceng', '081200000021', 'ANJEM', 'Off Sementara', 'Off sejak 14 Mei', '2026-02-18'),
  ('a0000022-0000-4000-8000-000000000022', 'Tegar', '081200000022', 'ANJEM', 'Off Sementara', 'Off sejak 15 Mei', '2026-04-03'),
  ('a0000023-0000-4000-8000-000000000023', 'Oho', '081200000023', 'ANJEM', 'Off Sementara', 'Off sejak 19 Mei', '2026-03-31'),
  ('a0000024-0000-4000-8000-000000000024', 'Wulan', '081200000024', 'ANJEM', 'Off Sementara', 'Off sejak 18 Apr', '2026-04-04'),
  ('a0000025-0000-4000-8000-000000000025', 'Daffa', '081200000025', 'ANJEM', 'Off Sementara', 'Off sejak Apr 2026', '2025-12-05'),
  ('a0000026-0000-4000-8000-000000000026', 'Bang Jack', '081200000026', 'ANJEM', 'Off Sementara', 'Off sejak 03 Mei', '2025-11-24'),
  ('a0000027-0000-4000-8000-000000000027', 'Wiwit', '081200000027', 'ANJEM', 'Off Sementara', 'Off sejak Mar 2026', '2026-02-19'),
  ('a0000028-0000-4000-8000-000000000028', 'Renan', '081200000028', 'ANJEM', 'Keluar', 'Tidak aktif sejak Nov 2025', '2025-11-24'),
  ('a0000029-0000-4000-8000-000000000029', 'Radit', '081200000029', 'ANJEM', 'Keluar', 'Tidak aktif sejak Des 2025', '2025-11-24'),
  ('a0000030-0000-4000-8000-000000000030', 'Alza', '081200000030', 'ANJEM', 'Keluar', 'Tidak aktif sejak Feb 2026', '2025-11-24'),
  ('a0000031-0000-4000-8000-000000000031', 'Ferdy', '081200000031', 'ANJEM', 'Keluar', 'Tidak aktif sejak Feb 2026', '2026-01-01'),
  ('a0000032-0000-4000-8000-000000000032', 'Dini', '081200000032', 'ANJEM', 'Keluar', 'Tidak aktif sejak Feb 2026', '2026-02-09'),
  ('a0000033-0000-4000-8000-000000000033', 'Alit', '081200000033', 'ANJEM', 'Keluar', 'Tidak aktif sejak Mar 2026', '2025-11-24'),
  ('a0000034-0000-4000-8000-000000000034', 'Aldi', '081200000034', 'ANJEM', 'Keluar', 'Tidak aktif sejak Jan 2026', '2025-12-08'),
  ('a0000035-0000-4000-8000-000000000035', 'Nadip', '081200000035', 'ANJEM', 'Keluar', 'Tidak aktif sejak Des 2025', '2025-11-25'),
  ('a0000036-0000-4000-8000-000000000036', 'Ayub', '081200000036', 'ANJEM', 'Keluar', 'Tidak aktif sejak Nov 2025', '2025-11-26'),
  ('a0000037-0000-4000-8000-000000000037', 'Zuhdi', '081200000037', 'ANJEM', 'Keluar', 'Tidak aktif sejak Nov 2025', '2025-11-27'),
  ('a0000038-0000-4000-8000-000000000038', 'Elhana', '081200000038', 'ANJEM', 'Keluar', 'Tidak aktif sejak Des 2025', '2025-12-02')
ON CONFLICT (id) DO UPDATE SET
  nama = EXCLUDED.nama, status_operasional = EXCLUDED.status_operasional, catatan = EXCLUDED.catatan;

-- ---- MEMBERSHIPS (158 transaksi pemasukan + 2 pending) ----
INSERT INTO memberships (id, driver_id, jenis_driver, tanggal_mulai, tanggal_selesai_awal, hari_izin, tanggal_selesai_final, nominal, status_pembayaran, deadline_pembayaran, tanggal_pembayaran) VALUES
  ('b0000001-0000-4000-8000-000000000001', 'a0000029-0000-4000-8000-000000000029', 'ANJEM', '2025-11-24', '2025-12-08', 0, '2025-12-08', 30000, 'Lunas', '2025-11-27', '2025-11-24'),
  ('b0000002-0000-4000-8000-000000000001', 'a0000006-0000-4000-8000-000000000006', 'ANJEM', '2025-11-24', '2025-12-08', 0, '2025-12-08', 30000, 'Lunas', '2025-11-27', '2025-11-24'),
  ('b0000003-0000-4000-8000-000000000001', 'a0000030-0000-4000-8000-000000000030', 'ANJEM', '2025-11-24', '2025-12-08', 0, '2025-12-08', 30000, 'Lunas', '2025-11-27', '2025-11-24'),
  ('b0000004-0000-4000-8000-000000000001', 'a0000018-0000-4000-8000-000000000018', 'ANJEM', '2025-11-24', '2025-12-08', 0, '2025-12-08', 30000, 'Lunas', '2025-11-27', '2025-11-24'),
  ('b0000005-0000-4000-8000-000000000001', 'a0000026-0000-4000-8000-000000000026', 'ANJEM', '2025-11-24', '2025-12-08', 0, '2025-12-08', 30000, 'Lunas', '2025-11-27', '2025-11-24'),
  ('b0000006-0000-4000-8000-000000000001', 'a0000010-0000-4000-8000-000000000010', 'ANJEM', '2025-11-24', '2025-12-08', 0, '2025-12-08', 30000, 'Lunas', '2025-11-27', '2025-11-24'),
  ('b0000007-0000-4000-8000-000000000001', 'a0000033-0000-4000-8000-000000000033', 'ANJEM', '2025-11-24', '2025-12-08', 0, '2025-12-08', 30000, 'Lunas', '2025-11-27', '2025-11-24'),
  ('b0000008-0000-4000-8000-000000000001', 'a0000028-0000-4000-8000-000000000028', 'ANJEM', '2025-11-24', '2025-12-08', 0, '2025-12-08', 30000, 'Lunas', '2025-11-27', '2025-11-24'),
  ('b0000009-0000-4000-8000-000000000001', 'a0000035-0000-4000-8000-000000000035', 'ANJEM', '2025-11-25', '2025-12-09', 0, '2025-12-09', 30000, 'Lunas', '2025-11-28', '2025-11-25'),
  ('b0000010-0000-4000-8000-000000000001', 'a0000036-0000-4000-8000-000000000036', 'ANJEM', '2025-11-26', '2025-12-10', 0, '2025-12-10', 30000, 'Lunas', '2025-11-29', '2025-11-26'),
  ('b0000011-0000-4000-8000-000000000001', 'a0000037-0000-4000-8000-000000000037', 'ANJEM', '2025-11-27', '2025-12-11', 0, '2025-12-11', 30000, 'Lunas', '2025-11-30', '2025-11-27'),
  ('b0000012-0000-4000-8000-000000000001', 'a0000038-0000-4000-8000-000000000038', 'ANJEM', '2025-12-02', '2025-12-16', 0, '2025-12-16', 30000, 'Lunas', '2025-12-05', '2025-12-02'),
  ('b0000013-0000-4000-8000-000000000001', 'a0000025-0000-4000-8000-000000000025', 'ANJEM', '2025-12-05', '2025-12-19', 0, '2025-12-19', 30000, 'Lunas', '2025-12-08', '2025-12-05'),
  ('b0000014-0000-4000-8000-000000000001', 'a0000014-0000-4000-8000-000000000014', 'ANJEM', '2025-12-06', '2025-12-20', 0, '2025-12-20', 30000, 'Lunas', '2025-12-09', '2025-12-06'),
  ('b0000015-0000-4000-8000-000000000001', 'a0000034-0000-4000-8000-000000000034', 'ANJEM', '2025-12-08', '2025-12-22', 0, '2025-12-22', 30000, 'Lunas', '2025-12-11', '2025-12-08'),
  ('b0000016-0000-4000-8000-000000000001', 'a0000006-0000-4000-8000-000000000006', 'ANJEM', '2025-12-08', '2025-12-22', 0, '2025-12-22', 30000, 'Lunas', '2025-12-11', '2025-12-08'),
  ('b0000017-0000-4000-8000-000000000001', 'a0000033-0000-4000-8000-000000000033', 'ANJEM', '2025-12-08', '2025-12-22', 0, '2025-12-22', 30000, 'Lunas', '2025-12-11', '2025-12-08'),
  ('b0000018-0000-4000-8000-000000000001', 'a0000018-0000-4000-8000-000000000018', 'ANJEM', '2025-12-08', '2025-12-22', 0, '2025-12-22', 30000, 'Lunas', '2025-12-11', '2025-12-08'),
  ('b0000019-0000-4000-8000-000000000001', 'a0000010-0000-4000-8000-000000000010', 'ANJEM', '2025-12-08', '2025-12-22', 0, '2025-12-22', 30000, 'Lunas', '2025-12-11', '2025-12-08'),
  ('b0000020-0000-4000-8000-000000000001', 'a0000029-0000-4000-8000-000000000029', 'ANJEM', '2025-12-08', '2025-12-22', 0, '2025-12-22', 30000, 'Lunas', '2025-12-11', '2025-12-08'),
  ('b0000021-0000-4000-8000-000000000001', 'a0000030-0000-4000-8000-000000000030', 'ANJEM', '2025-12-09', '2025-12-23', 0, '2025-12-23', 30000, 'Lunas', '2025-12-12', '2025-12-09'),
  ('b0000022-0000-4000-8000-000000000001', 'a0000035-0000-4000-8000-000000000035', 'ANJEM', '2025-12-09', '2025-12-23', 0, '2025-12-23', 30000, 'Lunas', '2025-12-12', '2025-12-09'),
  ('b0000023-0000-4000-8000-000000000001', 'a0000005-0000-4000-8000-000000000005', 'ANJEM', '2025-12-10', '2025-12-24', 0, '2025-12-24', 30000, 'Lunas', '2025-12-13', '2025-12-10'),
  ('b0000024-0000-4000-8000-000000000001', 'a0000025-0000-4000-8000-000000000025', 'ANJEM', '2025-12-19', '2026-01-02', 0, '2026-01-02', 30000, 'Lunas', '2025-12-22', '2025-12-19'),
  ('b0000025-0000-4000-8000-000000000001', 'a0000014-0000-4000-8000-000000000014', 'ANJEM', '2025-12-20', '2026-01-03', 0, '2026-01-03', 30000, 'Lunas', '2025-12-23', '2025-12-20'),
  ('b0000026-0000-4000-8000-000000000001', 'a0000031-0000-4000-8000-000000000031', 'ANJEM', '2026-01-01', '2026-01-15', 0, '2026-01-15', 40000, 'Lunas', '2026-01-04', '2026-01-01'),
  ('b0000027-0000-4000-8000-000000000001', 'a0000009-0000-4000-8000-000000000009', 'ANJEM', '2026-01-01', '2026-01-15', 0, '2026-01-15', 40000, 'Lunas', '2026-01-04', '2026-01-01'),
  ('b0000028-0000-4000-8000-000000000001', 'a0000003-0000-4000-8000-000000000003', 'ANJEM', '2026-01-02', '2026-01-16', 0, '2026-01-16', 40000, 'Lunas', '2026-01-05', '2026-01-02'),
  ('b0000029-0000-4000-8000-000000000001', 'a0000030-0000-4000-8000-000000000030', 'ANJEM', '2026-01-03', '2026-01-17', 0, '2026-01-17', 40000, 'Lunas', '2026-01-06', '2026-01-03'),
  ('b0000030-0000-4000-8000-000000000001', 'a0000034-0000-4000-8000-000000000034', 'ANJEM', '2026-01-03', '2026-01-17', 0, '2026-01-17', 40000, 'Lunas', '2026-01-06', '2026-01-03'),
  ('b0000031-0000-4000-8000-000000000001', 'a0000005-0000-4000-8000-000000000005', 'ANJEM', '2026-01-04', '2026-01-18', 0, '2026-01-18', 40000, 'Lunas', '2026-01-07', '2026-01-04'),
  ('b0000032-0000-4000-8000-000000000001', 'a0000014-0000-4000-8000-000000000014', 'ANJEM', '2026-02-01', '2026-02-11', 0, '2026-02-11', 10000, 'Lunas', '2026-02-04', '2026-02-01'),
  ('b0000033-0000-4000-8000-000000000001', 'a0000009-0000-4000-8000-000000000009', 'ANJEM', '2026-02-01', '2026-02-15', 0, '2026-02-15', 40000, 'Lunas', '2026-02-04', '2026-02-01'),
  ('b0000034-0000-4000-8000-000000000001', 'a0000031-0000-4000-8000-000000000031', 'ANJEM', '2026-02-01', '2026-02-15', 0, '2026-02-15', 40000, 'Lunas', '2026-02-04', '2026-02-01'),
  ('b0000035-0000-4000-8000-000000000001', 'a0000003-0000-4000-8000-000000000003', 'ANJEM', '2026-02-02', '2026-02-16', 0, '2026-02-16', 40000, 'Lunas', '2026-02-05', '2026-02-02'),
  ('b0000036-0000-4000-8000-000000000001', 'a0000030-0000-4000-8000-000000000030', 'ANJEM', '2026-02-03', '2026-02-17', 0, '2026-02-17', 40000, 'Lunas', '2026-02-06', '2026-02-03'),
  ('b0000037-0000-4000-8000-000000000001', 'a0000005-0000-4000-8000-000000000005', 'ANJEM', '2026-02-05', '2026-02-19', 0, '2026-02-19', 40000, 'Lunas', '2026-02-08', '2026-02-05'),
  ('b0000038-0000-4000-8000-000000000001', 'a0000010-0000-4000-8000-000000000010', 'ANJEM', '2026-02-06', '2026-02-20', 0, '2026-02-20', 40000, 'Lunas', '2026-02-09', '2026-02-06'),
  ('b0000039-0000-4000-8000-000000000001', 'a0000006-0000-4000-8000-000000000006', 'ANJEM', '2026-02-07', '2026-02-21', 0, '2026-02-21', 40000, 'Lunas', '2026-02-10', '2026-02-07'),
  ('b0000040-0000-4000-8000-000000000001', 'a0000032-0000-4000-8000-000000000032', 'ANJEM', '2026-02-09', '2026-02-23', 0, '2026-02-23', 40000, 'Lunas', '2026-02-12', '2026-02-09'),
  ('b0000041-0000-4000-8000-000000000001', 'a0000004-0000-4000-8000-000000000004', 'ANJEM', '2026-02-10', '2026-02-24', 0, '2026-02-24', 40000, 'Lunas', '2026-02-13', '2026-02-10'),
  ('b0000042-0000-4000-8000-000000000001', 'a0000018-0000-4000-8000-000000000018', 'ANJEM', '2026-02-10', '2026-02-24', 0, '2026-02-24', 40000, 'Lunas', '2026-02-13', '2026-02-10'),
  ('b0000043-0000-4000-8000-000000000001', 'a0000020-0000-4000-8000-000000000020', 'ANJEM', '2026-02-11', '2026-02-25', 0, '2026-02-25', 40000, 'Lunas', '2026-02-14', '2026-02-11'),
  ('b0000044-0000-4000-8000-000000000001', 'a0000033-0000-4000-8000-000000000033', 'ANJEM', '2026-02-12', '2026-02-26', 0, '2026-02-26', 40000, 'Lunas', '2026-02-15', '2026-02-12'),
  ('b0000045-0000-4000-8000-000000000001', 'a0000015-0000-4000-8000-000000000015', 'ANJEM', '2026-02-12', '2026-02-26', 0, '2026-02-26', 40000, 'Lunas', '2026-02-15', '2026-02-12'),
  ('b0000046-0000-4000-8000-000000000001', 'a0000009-0000-4000-8000-000000000009', 'ANJEM', '2026-02-17', '2026-03-03', 0, '2026-03-03', 40000, 'Lunas', '2026-02-20', '2026-02-17'),
  ('b0000047-0000-4000-8000-000000000001', 'a0000014-0000-4000-8000-000000000014', 'ANJEM', '2026-02-17', '2026-03-03', 0, '2026-03-03', 40000, 'Lunas', '2026-02-20', '2026-02-17'),
  ('b0000048-0000-4000-8000-000000000001', 'a0000003-0000-4000-8000-000000000003', 'ANJEM', '2026-02-17', '2026-03-03', 0, '2026-03-03', 40000, 'Lunas', '2026-02-20', '2026-02-17'),
  ('b0000049-0000-4000-8000-000000000001', 'a0000012-0000-4000-8000-000000000012', 'ANJEM', '2026-02-18', '2026-03-04', 0, '2026-03-04', 40000, 'Lunas', '2026-02-21', '2026-02-18'),
  ('b0000050-0000-4000-8000-000000000001', 'a0000021-0000-4000-8000-000000000021', 'ANJEM', '2026-02-18', '2026-03-04', 0, '2026-03-04', 40000, 'Lunas', '2026-02-21', '2026-02-18'),
  ('b0000051-0000-4000-8000-000000000001', 'a0000027-0000-4000-8000-000000000027', 'ANJEM', '2026-02-19', '2026-03-05', 0, '2026-03-05', 40000, 'Lunas', '2026-02-22', '2026-02-19'),
  ('b0000052-0000-4000-8000-000000000001', 'a0000019-0000-4000-8000-000000000019', 'ANJEM', '2026-02-20', '2026-03-06', 0, '2026-03-06', 40000, 'Lunas', '2026-02-23', '2026-02-20'),
  ('b0000053-0000-4000-8000-000000000001', 'a0000005-0000-4000-8000-000000000005', 'ANJEM', '2026-02-20', '2026-03-06', 0, '2026-03-06', 40000, 'Lunas', '2026-02-23', '2026-02-20'),
  ('b0000054-0000-4000-8000-000000000001', 'a0000010-0000-4000-8000-000000000010', 'ANJEM', '2026-02-21', '2026-03-07', 0, '2026-03-07', 40000, 'Lunas', '2026-02-24', '2026-02-21'),
  ('b0000055-0000-4000-8000-000000000001', 'a0000006-0000-4000-8000-000000000006', 'ANJEM', '2026-02-21', '2026-03-07', 0, '2026-03-07', 40000, 'Lunas', '2026-02-24', '2026-02-21'),
  ('b0000056-0000-4000-8000-000000000001', 'a0000031-0000-4000-8000-000000000031', 'ANJEM', '2026-02-22', '2026-03-08', 0, '2026-03-08', 40000, 'Lunas', '2026-02-25', '2026-02-22'),
  ('b0000057-0000-4000-8000-000000000001', 'a0000004-0000-4000-8000-000000000004', 'ANJEM', '2026-02-24', '2026-03-10', 0, '2026-03-10', 40000, 'Lunas', '2026-02-27', '2026-02-24'),
  ('b0000058-0000-4000-8000-000000000001', 'a0000032-0000-4000-8000-000000000032', 'ANJEM', '2026-02-25', '2026-03-11', 0, '2026-03-11', 40000, 'Lunas', '2026-02-28', '2026-02-25'),
  ('b0000059-0000-4000-8000-000000000001', 'a0000013-0000-4000-8000-000000000013', 'ANJEM', '2026-02-25', '2026-03-11', 0, '2026-03-11', 40000, 'Lunas', '2026-02-28', '2026-02-25'),
  ('b0000060-0000-4000-8000-000000000001', 'a0000020-0000-4000-8000-000000000020', 'ANJEM', '2026-02-25', '2026-03-11', 0, '2026-03-11', 40000, 'Lunas', '2026-02-28', '2026-02-25'),
  ('b0000061-0000-4000-8000-000000000001', 'a0000015-0000-4000-8000-000000000015', 'ANJEM', '2026-02-26', '2026-03-12', 0, '2026-03-12', 40000, 'Lunas', '2026-03-01', '2026-02-26'),
  ('b0000062-0000-4000-8000-000000000001', 'a0000009-0000-4000-8000-000000000009', 'ANJEM', '2026-03-03', '2026-03-17', 0, '2026-03-17', 40000, 'Lunas', '2026-03-06', '2026-03-03'),
  ('b0000063-0000-4000-8000-000000000001', 'a0000014-0000-4000-8000-000000000014', 'ANJEM', '2026-03-03', '2026-03-17', 0, '2026-03-17', 40000, 'Lunas', '2026-03-06', '2026-03-03'),
  ('b0000064-0000-4000-8000-000000000001', 'a0000003-0000-4000-8000-000000000003', 'ANJEM', '2026-03-03', '2026-03-17', 0, '2026-03-17', 40000, 'Lunas', '2026-03-06', '2026-03-03'),
  ('b0000065-0000-4000-8000-000000000001', 'a0000012-0000-4000-8000-000000000012', 'ANJEM', '2026-03-04', '2026-03-18', 0, '2026-03-18', 40000, 'Lunas', '2026-03-07', '2026-03-04'),
  ('b0000066-0000-4000-8000-000000000001', 'a0000018-0000-4000-8000-000000000018', 'ANJEM', '2026-03-05', '2026-03-19', 0, '2026-03-19', 25000, 'Lunas', '2026-03-08', '2026-03-05'),
  ('b0000067-0000-4000-8000-000000000001', 'a0000002-0000-4000-8000-000000000002', 'ANJEM', '2026-03-05', '2026-03-19', 0, '2026-03-19', 40000, 'Lunas', '2026-03-08', '2026-03-05'),
  ('b0000068-0000-4000-8000-000000000001', 'a0000027-0000-4000-8000-000000000027', 'ANJEM', '2026-03-05', '2026-03-19', 0, '2026-03-19', 40000, 'Lunas', '2026-03-08', '2026-03-05'),
  ('b0000069-0000-4000-8000-000000000001', 'a0000005-0000-4000-8000-000000000005', 'ANJEM', '2026-03-06', '2026-03-20', 0, '2026-03-20', 40000, 'Lunas', '2026-03-09', '2026-03-06'),
  ('b0000070-0000-4000-8000-000000000001', 'a0000010-0000-4000-8000-000000000010', 'ANJEM', '2026-03-07', '2026-03-21', 0, '2026-03-21', 40000, 'Lunas', '2026-03-10', '2026-03-07'),
  ('b0000071-0000-4000-8000-000000000001', 'a0000006-0000-4000-8000-000000000006', 'ANJEM', '2026-03-07', '2026-03-21', 0, '2026-03-21', 40000, 'Lunas', '2026-03-10', '2026-03-07'),
  ('b0000072-0000-4000-8000-000000000001', 'a0000013-0000-4000-8000-000000000013', 'ANJEM', '2026-03-12', '2026-03-26', 0, '2026-03-26', 40000, 'Lunas', '2026-03-15', '2026-03-12'),
  ('b0000073-0000-4000-8000-000000000001', 'a0000015-0000-4000-8000-000000000015', 'ANJEM', '2026-03-12', '2026-03-26', 0, '2026-03-26', 40000, 'Lunas', '2026-03-15', '2026-03-12'),
  ('b0000074-0000-4000-8000-000000000001', 'a0000004-0000-4000-8000-000000000004', 'ANJEM', '2026-03-13', '2026-03-27', 0, '2026-03-27', 40000, 'Lunas', '2026-03-16', '2026-03-13'),
  ('b0000075-0000-4000-8000-000000000001', 'a0000019-0000-4000-8000-000000000019', 'ANJEM', '2026-03-30', '2026-04-13', 0, '2026-04-13', 40000, 'Lunas', '2026-04-02', '2026-03-30'),
  ('b0000076-0000-4000-8000-000000000001', 'a0000021-0000-4000-8000-000000000021', 'ANJEM', '2026-03-30', '2026-04-13', 0, '2026-04-13', 40000, 'Lunas', '2026-04-02', '2026-03-30'),
  ('b0000077-0000-4000-8000-000000000001', 'a0000020-0000-4000-8000-000000000020', 'ANJEM', '2026-03-30', '2026-04-13', 0, '2026-04-13', 40000, 'Lunas', '2026-04-02', '2026-03-30'),
  ('b0000078-0000-4000-8000-000000000001', 'a0000026-0000-4000-8000-000000000026', 'ANJEM', '2026-03-30', '2026-04-13', 0, '2026-04-13', 40000, 'Lunas', '2026-04-02', '2026-03-30'),
  ('b0000079-0000-4000-8000-000000000001', 'a0000009-0000-4000-8000-000000000009', 'ANJEM', '2026-03-31', '2026-04-14', 0, '2026-04-14', 40000, 'Lunas', '2026-04-03', '2026-03-31'),
  ('b0000080-0000-4000-8000-000000000001', 'a0000014-0000-4000-8000-000000000014', 'ANJEM', '2026-03-31', '2026-04-14', 0, '2026-04-14', 40000, 'Lunas', '2026-04-03', '2026-03-31'),
  ('b0000081-0000-4000-8000-000000000001', 'a0000025-0000-4000-8000-000000000025', 'ANJEM', '2026-03-31', '2026-04-14', 0, '2026-04-14', 40000, 'Lunas', '2026-04-03', '2026-03-31'),
  ('b0000082-0000-4000-8000-000000000001', 'a0000023-0000-4000-8000-000000000023', 'ANJEM', '2026-03-31', '2026-04-14', 0, '2026-04-14', 25000, 'Lunas', '2026-04-03', '2026-03-31'),
  ('b0000083-0000-4000-8000-000000000001', 'a0000033-0000-4000-8000-000000000033', 'ANJEM', '2026-03-31', '2026-04-14', 0, '2026-04-14', 25000, 'Lunas', '2026-04-03', '2026-03-31'),
  ('b0000084-0000-4000-8000-000000000001', 'a0000018-0000-4000-8000-000000000018', 'ANJEM', '2026-04-01', '2026-04-15', 0, '2026-04-15', 25000, 'Lunas', '2026-04-04', '2026-04-01'),
  ('b0000085-0000-4000-8000-000000000001', 'a0000002-0000-4000-8000-000000000002', 'ANJEM', '2026-04-01', '2026-04-15', 0, '2026-04-15', 40000, 'Lunas', '2026-04-04', '2026-04-01'),
  ('b0000086-0000-4000-8000-000000000001', 'a0000012-0000-4000-8000-000000000012', 'ANJEM', '2026-04-01', '2026-04-15', 0, '2026-04-15', 40000, 'Lunas', '2026-04-04', '2026-04-01'),
  ('b0000087-0000-4000-8000-000000000001', 'a0000001-0000-4000-8000-000000000001', 'ANJEM', '2026-04-02', '2026-04-16', 0, '2026-04-16', 40000, 'Lunas', '2026-04-05', '2026-04-02'),
  ('b0000088-0000-4000-8000-000000000001', 'a0000011-0000-4000-8000-000000000011', 'ANJEM', '2026-04-03', '2026-04-17', 0, '2026-04-17', 40000, 'Lunas', '2026-04-06', '2026-04-03'),
  ('b0000089-0000-4000-8000-000000000001', 'a0000022-0000-4000-8000-000000000022', 'ANJEM', '2026-04-03', '2026-04-17', 0, '2026-04-17', 40000, 'Lunas', '2026-04-06', '2026-04-03'),
  ('b0000090-0000-4000-8000-000000000001', 'a0000005-0000-4000-8000-000000000005', 'ANJEM', '2026-04-03', '2026-04-17', 0, '2026-04-17', 40000, 'Lunas', '2026-04-06', '2026-04-03'),
  ('b0000091-0000-4000-8000-000000000001', 'a0000024-0000-4000-8000-000000000024', 'ANJEM', '2026-04-04', '2026-04-18', 0, '2026-04-18', 40000, 'Lunas', '2026-04-07', '2026-04-04'),
  ('b0000092-0000-4000-8000-000000000001', 'a0000006-0000-4000-8000-000000000006', 'ANJEM', '2026-04-04', '2026-04-18', 0, '2026-04-18', 40000, 'Lunas', '2026-04-07', '2026-04-04'),
  ('b0000093-0000-4000-8000-000000000001', 'a0000010-0000-4000-8000-000000000010', 'ANJEM', '2026-04-04', '2026-04-18', 0, '2026-04-18', 40000, 'Lunas', '2026-04-07', '2026-04-04'),
  ('b0000094-0000-4000-8000-000000000001', 'a0000027-0000-4000-8000-000000000027', 'ANJEM', '2026-04-04', '2026-04-18', 0, '2026-04-18', 40000, 'Lunas', '2026-04-07', '2026-04-04'),
  ('b0000095-0000-4000-8000-000000000001', 'a0000007-0000-4000-8000-000000000007', 'ANJEM', '2026-04-06', '2026-04-20', 0, '2026-04-20', 40000, 'Lunas', '2026-04-09', '2026-04-06'),
  ('b0000096-0000-4000-8000-000000000001', 'a0000017-0000-4000-8000-000000000017', 'ANJEM', '2026-04-06', '2026-04-20', 0, '2026-04-20', 40000, 'Lunas', '2026-04-09', '2026-04-06'),
  ('b0000097-0000-4000-8000-000000000001', 'a0000008-0000-4000-8000-000000000008', 'ANJEM', '2026-04-06', '2026-04-20', 0, '2026-04-20', 40000, 'Lunas', '2026-04-09', '2026-04-06'),
  ('b0000098-0000-4000-8000-000000000001', 'a0000015-0000-4000-8000-000000000015', 'ANJEM', '2026-04-10', '2026-04-24', 0, '2026-04-24', 40000, 'Lunas', '2026-04-13', '2026-04-10'),
  ('b0000099-0000-4000-8000-000000000001', 'a0000004-0000-4000-8000-000000000004', 'ANJEM', '2026-04-10', '2026-04-24', 0, '2026-04-24', 40000, 'Lunas', '2026-04-13', '2026-04-10'),
  ('b0000100-0000-4000-8000-000000000001', 'a0000003-0000-4000-8000-000000000003', 'ANJEM', '2026-04-11', '2026-04-25', 0, '2026-04-25', 40000, 'Lunas', '2026-04-14', '2026-04-11'),
  ('b0000101-0000-4000-8000-000000000001', 'a0000016-0000-4000-8000-000000000016', 'ANJEM', '2026-04-13', '2026-04-27', 0, '2026-04-27', 40000, 'Lunas', '2026-04-16', '2026-04-13'),
  ('b0000102-0000-4000-8000-000000000001', 'a0000021-0000-4000-8000-000000000021', 'ANJEM', '2026-04-13', '2026-04-27', 0, '2026-04-27', 40000, 'Lunas', '2026-04-16', '2026-04-13'),
  ('b0000103-0000-4000-8000-000000000001', 'a0000019-0000-4000-8000-000000000019', 'ANJEM', '2026-04-13', '2026-04-27', 0, '2026-04-27', 40000, 'Lunas', '2026-04-16', '2026-04-13'),
  ('b0000104-0000-4000-8000-000000000001', 'a0000009-0000-4000-8000-000000000009', 'ANJEM', '2026-04-14', '2026-04-28', 0, '2026-04-28', 40000, 'Lunas', '2026-04-17', '2026-04-14'),
  ('b0000105-0000-4000-8000-000000000001', 'a0000014-0000-4000-8000-000000000014', 'ANJEM', '2026-04-14', '2026-04-28', 0, '2026-04-28', 40000, 'Lunas', '2026-04-17', '2026-04-14'),
  ('b0000106-0000-4000-8000-000000000001', 'a0000025-0000-4000-8000-000000000025', 'ANJEM', '2026-04-14', '2026-04-28', 0, '2026-04-28', 40000, 'Lunas', '2026-04-17', '2026-04-14'),
  ('b0000107-0000-4000-8000-000000000001', 'a0000001-0000-4000-8000-000000000001', 'ANJEM', '2026-04-16', '2026-04-30', 0, '2026-04-30', 40000, 'Lunas', '2026-04-19', '2026-04-16'),
  ('b0000108-0000-4000-8000-000000000001', 'a0000011-0000-4000-8000-000000000011', 'ANJEM', '2026-04-17', '2026-05-01', 0, '2026-05-01', 40000, 'Lunas', '2026-04-20', '2026-04-17'),
  ('b0000109-0000-4000-8000-000000000001', 'a0000022-0000-4000-8000-000000000022', 'ANJEM', '2026-04-17', '2026-05-01', 0, '2026-05-01', 40000, 'Lunas', '2026-04-20', '2026-04-17'),
  ('b0000110-0000-4000-8000-000000000001', 'a0000005-0000-4000-8000-000000000005', 'ANJEM', '2026-04-17', '2026-05-01', 0, '2026-05-01', 40000, 'Lunas', '2026-04-20', '2026-04-17'),
  ('b0000111-0000-4000-8000-000000000001', 'a0000006-0000-4000-8000-000000000006', 'ANJEM', '2026-04-18', '2026-05-02', 0, '2026-05-02', 40000, 'Lunas', '2026-04-21', '2026-04-18'),
  ('b0000112-0000-4000-8000-000000000001', 'a0000002-0000-4000-8000-000000000002', 'ANJEM', '2026-04-18', '2026-05-02', 0, '2026-05-02', 40000, 'Lunas', '2026-04-21', '2026-04-18'),
  ('b0000113-0000-4000-8000-000000000001', 'a0000026-0000-4000-8000-000000000026', 'ANJEM', '2026-04-19', '2026-05-03', 0, '2026-05-03', 40000, 'Lunas', '2026-04-22', '2026-04-19'),
  ('b0000114-0000-4000-8000-000000000001', 'a0000007-0000-4000-8000-000000000007', 'ANJEM', '2026-04-20', '2026-05-04', 0, '2026-05-04', 40000, 'Lunas', '2026-04-23', '2026-04-20'),
  ('b0000115-0000-4000-8000-000000000001', 'a0000008-0000-4000-8000-000000000008', 'ANJEM', '2026-04-20', '2026-05-04', 0, '2026-05-04', 40000, 'Lunas', '2026-04-23', '2026-04-20'),
  ('b0000116-0000-4000-8000-000000000001', 'a0000018-0000-4000-8000-000000000018', 'ANJEM', '2026-04-21', '2026-05-05', 0, '2026-05-05', 25000, 'Lunas', '2026-04-24', '2026-04-21'),
  ('b0000117-0000-4000-8000-000000000001', 'a0000017-0000-4000-8000-000000000017', 'ANJEM', '2026-04-22', '2026-05-06', 0, '2026-05-06', 40000, 'Lunas', '2026-04-25', '2026-04-22'),
  ('b0000118-0000-4000-8000-000000000001', 'a0000013-0000-4000-8000-000000000013', 'ANJEM', '2026-04-24', '2026-05-08', 0, '2026-05-08', 40000, 'Lunas', '2026-04-27', '2026-04-24'),
  ('b0000119-0000-4000-8000-000000000001', 'a0000004-0000-4000-8000-000000000004', 'ANJEM', '2026-04-24', '2026-05-08', 0, '2026-05-08', 40000, 'Lunas', '2026-04-27', '2026-04-24'),
  ('b0000120-0000-4000-8000-000000000001', 'a0000015-0000-4000-8000-000000000015', 'ANJEM', '2026-04-24', '2026-05-08', 0, '2026-05-08', 40000, 'Lunas', '2026-04-27', '2026-04-24'),
  ('b0000121-0000-4000-8000-000000000001', 'a0000003-0000-4000-8000-000000000003', 'ANJEM', '2026-04-25', '2026-05-09', 0, '2026-05-09', 40000, 'Lunas', '2026-04-28', '2026-04-25'),
  ('b0000122-0000-4000-8000-000000000001', 'a0000014-0000-4000-8000-000000000014', 'ANJEM', '2026-04-28', '2026-05-12', 0, '2026-05-12', 40000, 'Lunas', '2026-05-01', '2026-04-28'),
  ('b0000123-0000-4000-8000-000000000001', 'a0000009-0000-4000-8000-000000000009', 'ANJEM', '2026-04-29', '2026-05-13', 0, '2026-05-13', 40000, 'Lunas', '2026-05-02', '2026-04-29'),
  ('b0000124-0000-4000-8000-000000000001', 'a0000016-0000-4000-8000-000000000016', 'ANJEM', '2026-04-29', '2026-05-13', 0, '2026-05-13', 40000, 'Lunas', '2026-05-02', '2026-04-29'),
  ('b0000125-0000-4000-8000-000000000001', 'a0000021-0000-4000-8000-000000000021', 'ANJEM', '2026-04-30', '2026-05-14', 0, '2026-05-14', 40000, 'Lunas', '2026-05-03', '2026-04-30'),
  ('b0000126-0000-4000-8000-000000000001', 'a0000012-0000-4000-8000-000000000012', 'ANJEM', '2026-05-01', '2026-05-15', 0, '2026-05-15', 80000, 'Lunas', '2026-05-04', '2026-05-01'),
  ('b0000127-0000-4000-8000-000000000001', 'a0000005-0000-4000-8000-000000000005', 'ANJEM', '2026-05-01', '2026-05-15', 0, '2026-05-15', 40000, 'Lunas', '2026-05-04', '2026-05-01'),
  ('b0000128-0000-4000-8000-000000000001', 'a0000010-0000-4000-8000-000000000010', 'ANJEM', '2026-04-28', '2026-05-12', 0, '2026-05-12', 40000, 'Lunas', '2026-05-01', '2026-04-28'),
  ('b0000129-0000-4000-8000-000000000001', 'a0000001-0000-4000-8000-000000000001', 'ANJEM', '2026-05-04', '2026-05-18', 0, '2026-05-18', 40000, 'Lunas', '2026-05-07', '2026-05-04'),
  ('b0000130-0000-4000-8000-000000000001', 'a0000019-0000-4000-8000-000000000019', 'ANJEM', '2026-05-01', '2026-05-15', 0, '2026-05-15', 40000, 'Lunas', '2026-05-04', '2026-05-01'),
  ('b0000131-0000-4000-8000-000000000001', 'a0000006-0000-4000-8000-000000000006', 'ANJEM', '2026-05-04', '2026-05-18', 0, '2026-05-18', 40000, 'Lunas', '2026-05-07', '2026-05-04'),
  ('b0000132-0000-4000-8000-000000000001', 'a0000011-0000-4000-8000-000000000011', 'ANJEM', '2026-05-01', '2026-05-15', 0, '2026-05-15', 40000, 'Lunas', '2026-05-04', '2026-05-01'),
  ('b0000133-0000-4000-8000-000000000001', 'a0000022-0000-4000-8000-000000000022', 'ANJEM', '2026-05-01', '2026-05-15', 0, '2026-05-15', 40000, 'Lunas', '2026-05-04', '2026-05-01'),
  ('b0000134-0000-4000-8000-000000000001', 'a0000007-0000-4000-8000-000000000007', 'ANJEM', '2026-05-04', '2026-05-18', 0, '2026-05-18', 40000, 'Lunas', '2026-05-07', '2026-05-04'),
  ('b0000135-0000-4000-8000-000000000001', 'a0000017-0000-4000-8000-000000000017', 'ANJEM', '2026-05-07', '2026-05-21', 0, '2026-05-21', 40000, 'Lunas', '2026-05-10', '2026-05-07'),
  ('b0000136-0000-4000-8000-000000000001', 'a0000020-0000-4000-8000-000000000020', 'ANJEM', '2026-05-05', '2026-05-19', 0, '2026-05-19', 40000, 'Lunas', '2026-05-08', '2026-05-05'),
  ('b0000137-0000-4000-8000-000000000001', 'a0000002-0000-4000-8000-000000000002', 'ANJEM', '2026-05-07', '2026-05-21', 0, '2026-05-21', 40000, 'Lunas', '2026-05-10', '2026-05-07'),
  ('b0000138-0000-4000-8000-000000000001', 'a0000018-0000-4000-8000-000000000018', 'ANJEM', '2026-05-07', '2026-05-21', 0, '2026-05-21', 25000, 'Lunas', '2026-05-10', '2026-05-07'),
  ('b0000139-0000-4000-8000-000000000001', 'a0000023-0000-4000-8000-000000000023', 'ANJEM', '2026-05-05', '2026-05-19', 0, '2026-05-19', 25000, 'Lunas', '2026-05-08', '2026-05-05'),
  ('b0000140-0000-4000-8000-000000000001', 'a0000013-0000-4000-8000-000000000013', 'ANJEM', '2026-05-13', '2026-05-27', 0, '2026-05-27', 40000, 'Lunas', '2026-05-16', '2026-05-13'),
  ('b0000141-0000-4000-8000-000000000001', 'a0000004-0000-4000-8000-000000000004', 'ANJEM', '2026-05-08', '2026-05-22', 0, '2026-05-22', 40000, 'Lunas', '2026-05-11', '2026-05-08'),
  ('b0000142-0000-4000-8000-000000000001', 'a0000015-0000-4000-8000-000000000015', 'ANJEM', '2026-05-08', '2026-05-22', 0, '2026-05-22', 40000, 'Lunas', '2026-05-11', '2026-05-08'),
  ('b0000143-0000-4000-8000-000000000001', 'a0000003-0000-4000-8000-000000000003', 'ANJEM', '2026-05-09', '2026-05-23', 0, '2026-05-23', 40000, 'Lunas', '2026-05-12', '2026-05-09'),
  ('b0000144-0000-4000-8000-000000000001', 'a0000014-0000-4000-8000-000000000014', 'ANJEM', '2026-05-12', '2026-05-26', 0, '2026-05-26', 40000, 'Lunas', '2026-05-15', '2026-05-12'),
  ('b0000145-0000-4000-8000-000000000001', 'a0000009-0000-4000-8000-000000000009', 'ANJEM', '2026-05-14', '2026-05-28', 0, '2026-05-28', 40000, 'Lunas', '2026-05-17', '2026-05-14'),
  ('b0000146-0000-4000-8000-000000000001', 'a0000010-0000-4000-8000-000000000010', 'ANJEM', '2026-05-14', '2026-05-28', 0, '2026-05-28', 40000, 'Lunas', '2026-05-17', '2026-05-14'),
  ('b0000147-0000-4000-8000-000000000001', 'a0000016-0000-4000-8000-000000000016', 'ANJEM', '2026-05-11', '2026-05-25', 0, '2026-05-25', 40000, 'Lunas', '2026-05-14', '2026-05-11'),
  ('b0000148-0000-4000-8000-000000000001', 'a0000011-0000-4000-8000-000000000011', 'ANJEM', '2026-05-15', '2026-05-29', 0, '2026-05-29', 40000, 'Lunas', '2026-05-18', '2026-05-15'),
  ('b0000149-0000-4000-8000-000000000001', 'a0000006-0000-4000-8000-000000000006', 'ANJEM', '2026-05-18', '2026-06-01', 0, '2026-06-01', 40000, 'Lunas', '2026-05-21', '2026-05-18'),
  ('b0000150-0000-4000-8000-000000000001', 'a0000004-0000-4000-8000-000000000004', 'ANJEM', '2026-05-19', '2026-06-02', 0, '2026-06-02', 40000, 'Lunas', '2026-05-22', '2026-05-19'),
  ('b0000151-0000-4000-8000-000000000001', 'a0000007-0000-4000-8000-000000000007', 'ANJEM', '2026-05-18', '2026-06-01', 0, '2026-06-01', 40000, 'Lunas', '2026-05-21', '2026-05-18'),
  ('b0000152-0000-4000-8000-000000000001', 'a0000008-0000-4000-8000-000000000008', 'ANJEM', '2026-05-18', '2026-06-01', 0, '2026-06-01', 40000, 'Lunas', '2026-05-21', '2026-05-18'),
  ('b0000153-0000-4000-8000-000000000001', 'a0000005-0000-4000-8000-000000000005', 'ANJEM', '2026-05-19', '2026-06-02', 0, '2026-06-02', 40000, 'Lunas', '2026-05-22', '2026-05-19'),
  ('b0000154-0000-4000-8000-000000000001', 'a0000001-0000-4000-8000-000000000001', 'ANJEM', '2026-06-03', '2026-06-17', 0, '2026-06-17', 40000, 'Lunas', '2026-06-06', '2026-06-03'),
  ('b0000155-0000-4000-8000-000000000001', 'a0000018-0000-4000-8000-000000000018', 'ANJEM', '2026-05-21', '2026-06-04', 0, '2026-06-04', 25000, 'Lunas', '2026-05-24', '2026-05-21'),
  ('b0000156-0000-4000-8000-000000000001', 'a0000017-0000-4000-8000-000000000017', 'ANJEM', '2026-05-21', '2026-06-04', 0, '2026-06-04', 25000, 'Lunas', '2026-05-24', '2026-05-21'),
  ('b0000157-0000-4000-8000-000000000001', 'a0000003-0000-4000-8000-000000000003', 'ANJEM', '2026-05-23', '2026-06-06', 0, '2026-06-06', 40000, 'Lunas', '2026-05-26', '2026-05-23'),
  ('b0000158-0000-4000-8000-000000000001', 'a0000002-0000-4000-8000-000000000002', 'ANJEM', '2026-05-27', '2026-06-10', 0, '2026-06-10', 40000, 'Lunas', '2026-05-30', '2026-05-27'),
  ('c0000001-0000-4000-8000-000000000001', 'a0000009-0000-4000-8000-000000000009', 'ANJEM', '2026-06-08', '2026-06-22', 0, '2026-06-22', 40000, 'Belum Bayar', '2026-06-11', NULL),
  ('c0000002-0000-4000-8000-000000000001', 'a0000012-0000-4000-8000-000000000012', 'ANJEM', '2026-06-07', '2026-06-21', 0, '2026-06-21', 40000, 'Lewat Jatuh Tempo', '2026-06-05', NULL)
ON CONFLICT (id) DO NOTHING;

-- ---- EXPENSES (5 pengeluaran nyata) ----
INSERT INTO expenses (tanggal, kategori, nominal, keterangan) VALUES
  ('2025-12-02', 'Marketing', 330000, 'PP maba.ugm dan ugm.story'),
  ('2025-12-02', 'Tools', 24000, 'PP saluran wa'),
  ('2026-02-14', 'Tools', 24000, 'PP saluran wa'),
  ('2026-02-14', 'Marketing', 30000, 'PP kajian ugm'),
  ('2026-03-28', 'Tools', 39000, 'PP saluran wa');

-- ---- IZIN RECORDS ----
INSERT INTO izin_records (driver_id, jumlah_hari, alasan, tanggal_input) VALUES
  ('a0000006-0000-4000-8000-000000000006', 2, 'Keperluan keluarga', '2026-05-20'),
  ('a0000014-0000-4000-8000-000000000014', 3, 'Sakit', '2026-05-10');

-- ---- TRANSFERS ----
INSERT INTO transfers (tanggal, nominal, keterangan) VALUES
  ('2026-04-01', 500000, 'Bagi Hasil Q1 2026'),
  ('2026-05-01', 300000, 'Bagi Hasil Apr 2026');
